{"cameraMode":{"drawMode":0,"name":"Shaded","section":"Shading Mode"},"sceneLighting":false,"audioPlay":false,"sceneViewState":{"m_AlwaysRefresh":false,"showFog":true,"showSkybox":false,"showFlares":true,"showImageEffects":true,"showParticleSystems":true,"showVisualEffectGraphs":true,"m_FxEnabled":true},"in2DMode":false,"pivot":{"x":0.4713134169578552,"y":1.9577670097351075,"z":0.7525230646133423},"rotation":{"x":0.05657264590263367,"y":0.9110262393951416,"z":-0.13349707424640656,"w":0.3860609829425812},"size":0.4696331024169922,"orthographic":false}